is_train,iteration,trial,Loss,C1,C2,SampleSize
test,0,0,0.69485974,-0.0030226111,0.0030226111,15
test,1,0,0.69772923,-0.0036970377,0.0036970377,6147
test,2,0,0.69855076,-0.004263878,0.004263878,15
test,3,0,0.6896948,-0.00069642067,0.00069642067,27
test,4,0,0.6940301,-0.002643764,0.002643764,51
test,5,0,0.6975945,-0.0038670301,0.0038670301,27
test,6,0,0.70384765,-0.005762279,0.005762279,9
test,7,0,0.70123607,-0.005607903,0.005607903,15
test,8,0,0.6966748,-0.004740238,0.004740238,51
test,9,0,0.6996852,-0.00544554,0.00544554,15
test,10,0,0.69461554,-0.004474044,0.004474044,15
test,11,0,0.70151526,-0.0063070655,0.0063070655,9
test,12,0,0.69588405,-0.004413843,0.004413843,99
test,13,0,0.6921747,-0.0031086206,0.0031086206,27
test,14,0,0.6811939,0.0014375448,-0.0014375448,15
test,15,0,0.67778087,0.002822876,-0.002822876,99
test,16,0,0.68064815,0.0010839701,-0.0010839701,51
test,17,0,0.67870176,0.0014923215,-0.0014923215,195
test,18,0,0.674293,0.0031132102,-0.0031132102,27
test,19,0,0.6829923,-0.0023506284,0.0023506284,99
test,20,0,0.6815914,-0.0019757748,0.0019757748,9
test,21,0,0.6821649,-0.002023518,0.002023518,15
test,22,0,0.68098766,-0.0016337633,0.0016337633,98307
test,23,0,0.6829415,-0.0030626059,0.0030626059,387
test,24,0,0.68495363,-0.0042294264,0.0042294264,51
test,25,0,0.68734044,-0.0053675175,0.0053675175,15
test,26,0,0.6821256,-0.0025319457,0.0025319457,9
test,27,0,0.68421996,-0.0033103824,0.0033103824,9
test,28,0,0.68201464,-0.0022423863,0.0022423863,9
test,29,0,0.683795,-0.00267303,0.00267303,51
test,30,0,0.6812456,-0.0014045238,0.0014045238,27
test,31,0,0.682339,-0.0026982427,0.0026982427,51
test,32,0,0.67725146,-0.0010799766,0.0010799766,51
test,33,0,0.67394984,0.0019769669,-0.0019769669,99
test,34,0,0.6676223,0.0056684613,-0.0056684613,195
test,35,0,0.6684398,0.005028844,-0.005028844,27
test,36,0,0.6668982,0.0061233044,-0.0061233044,9
test,37,0,0.6688309,0.00464195,-0.00464195,195
test,38,0,0.66973764,0.0031526089,-0.0031526089,15
test,39,0,0.66815156,0.0047578216,-0.0047578216,15
test,40,0,0.6663211,0.005478859,-0.005478859,9
test,41,0,0.66523623,0.0050335526,-0.0050335526,99
test,42,0,0.66181594,0.0054650903,-0.0054650903,99
test,43,0,0.6684528,0.0016540289,-0.0016540289,9
test,44,0,0.66531426,0.0039729476,-0.0039729476,771
test,45,0,0.6709131,0.0009290576,-0.0009290576,51
test,46,0,0.6702616,0.0013056993,-0.0013056993,195
test,47,0,0.66913897,0.0018507242,-0.0018507242,9
test,48,0,0.66608393,0.00397563,-0.00397563,27
test,49,0,0.6694703,0.0009769797,-0.0009769797,771
test,50,0,0.67090154,-0.00039041042,0.00039041042,9
test,51,0,0.6733487,-0.0019970536,0.0019970536,9
test,52,0,0.67095023,-0.0007816553,0.0007816553,9
test,53,0,0.67221224,-0.0012131333,0.0012131333,15
test,54,0,0.6643629,0.004362881,-0.004362881,387
test,55,0,0.66241735,0.005620837,-0.005620837,9
test,56,0,0.65905386,0.0068110228,-0.0068110228,27
test,57,0,0.6531216,0.009846449,-0.009846449,9
test,58,0,0.6560719,0.008831739,-0.008831739,27
test,59,0,0.6537619,0.012101769,-0.012101769,9
test,60,0,0.6533389,0.011548698,-0.011548698,51
test,61,0,0.652496,0.012711883,-0.012711883,3075
test,62,0,0.65155303,0.012203753,-0.012203753,27
test,63,0,0.64972955,0.012777448,-0.012777448,9
test,64,0,0.6451428,0.014045715,-0.014045715,51
test,65,0,0.6447463,0.014030874,-0.014030874,15
test,66,0,0.6459335,0.0132802725,-0.0132802725,9
test,67,0,0.6441844,0.014968455,-0.014968455,15
test,68,0,0.637654,0.01793611,-0.01793611,9
test,69,0,0.6351252,0.018743396,-0.018743396,51
test,70,0,0.6365602,0.01746279,-0.01746279,195
test,71,0,0.6355836,0.017395198,-0.017395198,9
test,72,0,0.6368668,0.017005384,-0.017005384,99
test,73,0,0.63576126,0.017692864,-0.017692864,9
test,74,0,0.63304526,0.017827868,-0.017827868,9
test,75,0,0.63350993,0.017036855,-0.017036855,51
test,76,0,0.6339149,0.017400324,-0.017400324,99
test,77,0,0.63217723,0.017896116,-0.017896116,195
test,78,0,0.6331921,0.01793307,-0.01793307,99
test,79,0,0.6284511,0.020041823,-0.020041823,9
test,80,0,0.62784934,0.021297932,-0.021297932,15
test,81,0,0.62775224,0.021934688,-0.021934688,9
test,82,0,0.6248606,0.020455182,-0.020455182,99
test,83,0,0.62588435,0.018841505,-0.018841505,9
test,84,0,0.62521726,0.018379211,-0.018379211,9
test,85,0,0.6270821,0.016253233,-0.016253233,3075
test,86,0,0.6247741,0.016464889,-0.016464889,9
test,87,0,0.6233165,0.016775608,-0.016775608,27
test,88,0,0.619322,0.019125938,-0.019125938,51
test,89,0,0.61438507,0.021647751,-0.021647751,99
test,90,0,0.6083923,0.025294363,-0.025294363,15
test,91,0,0.60920715,0.024521291,-0.024521291,27
test,92,0,0.62270844,0.016264558,-0.016264558,387
test,93,0,0.62372833,0.015935063,-0.015935063,9
test,94,0,0.62330806,0.016261399,-0.016261399,9
test,95,0,0.6213008,0.01754123,-0.01754123,15
test,96,0,0.6167559,0.021389067,-0.021389067,195
test,97,0,0.61614096,0.022991776,-0.022991776,9
test,98,0,0.6183027,0.023516,-0.023516,27
test,99,0,0.6204321,0.024761498,-0.024761498,27
test,100,0,0.6182213,0.024914622,-0.024914622,15
test,101,0,0.6148867,0.023691177,-0.023691177,15
test,102,0,0.61387986,0.021593869,-0.021593869,27
test,103,0,0.611946,0.022871435,-0.022871435,15
test,104,0,0.61094123,0.02156043,-0.02156043,15
test,105,0,0.61730963,0.016808689,-0.016808689,387
test,106,0,0.61661,0.01630795,-0.01630795,9
test,107,0,0.61002606,0.017679513,-0.017679513,15
test,108,0,0.60613513,0.020177424,-0.020177424,27
test,109,0,0.6061927,0.01971668,-0.01971668,27
test,110,0,0.6085053,0.019046545,-0.019046545,9
test,111,0,0.6080177,0.019875228,-0.019875228,9
test,112,0,0.60879016,0.019309282,-0.019309282,27
test,113,0,0.60677475,0.02019018,-0.02019018,9
test,114,0,0.6043823,0.019903362,-0.019903362,15
test,115,0,0.6076682,0.01815784,-0.01815784,195
test,116,0,0.60711896,0.019105554,-0.019105554,9
test,117,0,0.6046263,0.022891939,-0.022891939,15
test,118,0,0.60406697,0.022221565,-0.022221565,51
test,119,0,0.601088,0.023370445,-0.023370445,51
test,120,0,0.6015959,0.021726072,-0.021726072,99
test,121,0,0.6054855,0.01782626,-0.01782626,51
test,122,0,0.6084589,0.017060697,-0.017060697,9
test,123,0,0.60712457,0.0181939,-0.0181939,15
test,124,0,0.6097888,0.017374218,-0.017374218,9
test,125,0,0.6080077,0.016613662,-0.016613662,15
test,126,0,0.61225134,0.012226403,-0.012226403,1539
test,127,0,0.6079279,0.015006363,-0.015006363,15
test,128,0,0.60295445,0.017458558,-0.017458558,51
test,129,0,0.6058605,0.016199827,-0.016199827,15
test,130,0,0.6079465,0.015326619,-0.015326619,9
test,131,0,0.6076637,0.014979064,-0.014979064,51
test,132,0,0.61215794,0.013377428,-0.013377428,27
test,133,0,0.61059576,0.01384449,-0.01384449,9
test,134,0,0.61356735,0.013305485,-0.013305485,195
test,135,0,0.61424255,0.013333619,-0.013333619,51
test,136,0,0.6164706,0.013071597,-0.013071597,27
test,137,0,0.61360097,0.015217066,-0.015217066,9
test,138,0,0.6104033,0.016369343,-0.016369343,9
test,139,0,0.6076108,0.019415557,-0.019415557,99
test,140,0,0.5981841,0.022763371,-0.022763371,15
test,141,0,0.592128,0.02539754,-0.02539754,51
test,142,0,0.5900757,0.027092576,-0.027092576,9
test,143,0,0.59406847,0.026005566,-0.026005566,15
test,144,0,0.5920466,0.02679795,-0.02679795,51
test,145,0,0.59200996,0.02582103,-0.02582103,99
test,146,0,0.5931592,0.028578341,-0.028578341,27
test,147,0,0.60192466,0.026984453,-0.026984453,15
test,148,0,0.60206544,0.02831328,-0.02831328,9
test,149,0,0.59709895,0.027649641,-0.027649641,9
test,150,0,0.59057766,0.028851628,-0.028851628,195
test,151,0,0.58622813,0.030168056,-0.030168056,9
test,152,0,0.5849342,0.031468213,-0.031468213,51
test,153,0,0.5852841,0.03008318,-0.03008318,9
test,154,0,0.5847616,0.030895174,-0.030895174,27
test,155,0,0.58363557,0.031056821,-0.031056821,15
test,156,0,0.58206743,0.029157996,-0.029157996,9
test,157,0,0.5834852,0.02942586,-0.02942586,15
test,158,0,0.58318806,0.030676663,-0.030676663,9
test,159,0,0.5816009,0.02980119,-0.02980119,9
test,160,0,0.5798792,0.030896068,-0.030896068,51
test,161,0,0.5767664,0.030776918,-0.030776918,15
test,162,0,0.57536656,0.029381216,-0.029381216,771
test,163,0,0.5752629,0.030052364,-0.030052364,387
test,164,0,0.57904524,0.027078032,-0.027078032,99
test,165,0,0.5760573,0.028402448,-0.028402448,15
test,166,0,0.57647455,0.026938736,-0.026938736,15
test,167,0,0.57518995,0.028529465,-0.028529465,15
test,168,0,0.5803473,0.027279317,-0.027279317,15
test,169,0,0.57982725,0.027395904,-0.027395904,27
test,170,0,0.58378816,0.0274418,-0.0274418,27
test,171,0,0.59073603,0.02653271,-0.02653271,27
test,172,0,0.5947738,0.026509821,-0.026509821,9
test,173,0,0.609878,0.026339173,-0.026339173,27
test,174,0,0.6255649,0.026955903,-0.026955903,15
test,175,0,0.5987466,0.033355296,-0.033355296,771
test,176,0,0.5923865,0.032451272,-0.032451272,1539
test,177,0,0.59669644,0.032039404,-0.032039404,9
test,178,0,0.60047615,0.032894075,-0.032894075,15
test,179,0,0.604684,0.033037663,-0.033037663,9
test,180,0,0.6179192,0.03183025,-0.03183025,195
test,181,0,0.60299164,0.03108871,-0.03108871,15
test,182,0,0.6128932,0.030150652,-0.030150652,99
test,183,0,0.6012918,0.030221522,-0.030221522,27
test,184,0,0.60352236,0.030101776,-0.030101776,9
test,185,0,0.5926955,0.029742658,-0.029742658,9
test,186,0,0.5888148,0.02853924,-0.02853924,15
test,187,0,0.59196866,0.026150167,-0.026150167,99
test,188,0,0.5949255,0.027509153,-0.027509153,9
test,189,0,0.5919804,0.027593315,-0.027593315,27
test,190,0,0.5834584,0.028164089,-0.028164089,15
test,191,0,0.5882418,0.027999997,-0.027999997,99
test,192,0,0.58984,0.0151878,-0.0151878,3075
test,193,0,0.58049124,0.017649353,-0.017649353,9
test,194,0,0.57731813,0.017522275,-0.017522275,9
test,195,0,0.5826108,0.019634902,-0.019634902,15
test,196,0,0.58069146,0.022109687,-0.022109687,27
test,197,0,0.58356076,0.02273053,-0.02273053,9
test,198,0,0.58089817,0.021868885,-0.021868885,15
test,199,0,0.58029395,0.021201193,-0.021201193,15
test,200,0,0.57780087,0.01852429,-0.01852429,9
test,201,0,0.5700409,0.016792178,-0.016792178,27
test,202,0,0.57469374,0.015075028,-0.015075028,9
test,203,0,0.578043,0.014493167,-0.014493167,9
test,204,0,0.5818527,0.011279464,-0.011279464,9
test,205,0,0.5851077,0.010671556,-0.010671556,27
test,206,0,0.5890764,0.0062633157,-0.0062633157,771
test,207,0,0.5844645,0.010697544,-0.010697544,27
test,208,0,0.59096456,0.0062918067,-0.0062918067,27
test,209,0,0.5942995,0.008024871,-0.008024871,51
test,210,0,0.5991882,0.0037488341,-0.0037488341,9
test,211,0,0.6044514,-0.0010567904,0.0010567904,99
test,212,0,0.5896428,0.0031713247,-0.0031713247,15
test,213,0,0.5885017,0.005695045,-0.005695045,387
test,214,0,0.58714485,0.0048201084,-0.0048201084,99
test,215,0,0.5849289,0.004391849,-0.004391849,51
test,216,0,0.59079367,0.00034552813,-0.00034552813,99
test,217,0,0.5883,0.0019916892,-0.0019916892,51
test,218,0,0.5950928,-0.003389895,0.003389895,15
test,219,0,0.59966576,-0.004894495,0.004894495,15
test,220,0,0.59383243,-0.004269898,0.004269898,51
test,221,0,0.5888805,-0.0037518144,0.0037518144,9
test,222,0,0.5928852,-0.0049470067,0.0049470067,51
test,223,0,0.6024964,-0.011372447,0.011372447,24579
test,224,0,0.6077337,-0.009787798,0.009787798,9
test,225,0,0.5956126,-0.007033348,0.007033348,15
test,226,0,0.60438514,-0.012997508,0.012997508,9
test,227,0,0.59461856,-0.008946121,0.008946121,27
test,228,0,0.5901793,-0.008402109,0.008402109,99
test,229,0,0.60160905,-0.010445535,0.010445535,9
test,230,0,0.5989222,-0.009563923,0.009563923,771
test,231,0,0.5920733,-0.0056489706,0.0056489706,15
test,232,0,0.5769603,0.009702861,-0.009702861,51
test,233,0,0.5804582,0.0055937767,-0.0055937767,9
test,234,0,0.5808539,0.0053874254,-0.0053874254,195
test,235,0,0.58185124,0.005592227,-0.005592227,27
test,236,0,0.5679009,0.01705563,-0.01705563,9
test,237,0,0.5667127,0.016089022,-0.016089022,9
test,238,0,0.56963193,0.014462769,-0.014462769,9
test,239,0,0.57017654,0.012107551,-0.012107551,3075
test,240,0,0.56419945,0.011288226,-0.011288226,51
test,241,0,0.5620713,0.011842728,-0.011842728,15
test,242,0,0.5623854,0.0071954727,-0.0071954727,9
test,243,0,0.56244546,0.007329464,-0.007329464,99
test,244,0,0.5557609,0.013725638,-0.013725638,9
test,245,0,0.55261135,0.015410125,-0.015410125,99
test,246,0,0.55403596,0.014887512,-0.014887512,15
test,247,0,0.55414546,0.013158441,-0.013158441,9
test,248,0,0.55894005,0.0028558373,-0.0028558373,9
test,249,0,0.55024004,0.013047159,-0.013047159,9
test,250,0,0.54927737,0.015484929,-0.015484929,1539
test,251,0,0.547653,0.018983305,-0.018983305,51
test,252,0,0.54741114,0.020305753,-0.020305753,9
test,253,0,0.55376905,0.013302147,-0.013302147,1539
test,254,0,0.5561363,0.015924156,-0.015924156,9
test,255,0,0.5549487,0.017990112,-0.017990112,15
test,256,0,0.5611793,0.011535704,-0.011535704,51
test,257,0,0.5625633,0.01060766,-0.01060766,9
test,258,0,0.5568644,0.013243437,-0.013243437,9
test,259,0,0.54728657,0.019511878,-0.019511878,9
test,260,0,0.54776907,0.015758872,-0.015758872,195
test,261,0,0.5473835,0.015512109,-0.015512109,9
test,262,0,0.5489604,0.017738938,-0.017738938,15
test,263,0,0.5466155,0.021185517,-0.021185517,9
test,264,0,0.54378843,0.024180949,-0.024180949,51
test,265,0,0.5420919,0.023781896,-0.023781896,9
test,266,0,0.5390158,0.02000326,-0.02000326,27
test,267,0,0.5530455,0.011437595,-0.011437595,9
test,268,0,0.54879874,0.010804415,-0.010804415,15
test,269,0,0.5433849,0.015376806,-0.015376806,9
test,270,0,0.5436605,0.016238391,-0.016238391,9
test,271,0,0.54604065,0.020024598,-0.020024598,27
test,272,0,0.55881137,-0.0035606027,0.0035606027,771
test,273,0,0.55843556,-0.003934741,0.003934741,9
test,274,0,0.5607011,-0.0037748218,0.0037748218,27
test,275,0,0.56167567,-0.0008838773,0.0008838773,9
test,276,0,0.5669174,-0.0107290745,0.0107290745,15
test,277,0,0.5681801,-0.010589123,0.010589123,9
test,278,0,0.5624067,-0.0076186657,0.0076186657,9
test,279,0,0.5615656,-0.006556034,0.006556034,9
test,280,0,0.560325,-0.0045661926,0.0045661926,27
test,281,0,0.5651027,0.0042013526,-0.0042013526,51
test,282,0,0.56108594,0.004672706,-0.004672706,9
test,283,0,0.5539723,0.0024581552,-0.0024581552,9
test,284,0,0.5550052,0.0021916032,-0.0021916032,9
test,285,0,0.5491514,0.0025689602,-0.0025689602,27
test,286,0,0.5551828,-0.001568675,0.001568675,51
test,287,0,0.5475628,0.0020751357,-0.0020751357,9
test,288,0,0.54545414,0.0039530993,-0.0039530993,15
test,289,0,0.545145,0.0038253665,-0.0038253665,99
test,290,0,0.5418121,0.0011780262,-0.0011780262,9
test,291,0,0.54200095,0.0009711981,-0.0009711981,9
test,292,0,0.54343796,-0.0013848543,0.0013848543,9
test,293,0,0.55379075,-0.013895094,0.013895094,387
test,294,0,0.552449,-0.009684861,0.009684861,51
test,295,0,0.54519564,-0.0030274987,0.0030274987,27
test,296,0,0.54914963,-0.0033156872,0.0033156872,9
test,297,0,0.54525864,0.0009661913,-0.0009661913,51
test,298,0,0.5435071,0.014308393,-0.014308393,9
test,299,0,0.5429477,0.014974296,-0.014974296,15
test,300,0,0.5482337,0.009749353,-0.009749353,27
test,301,0,0.55002165,0.009028673,-0.009028673,15
test,302,0,0.5517396,0.010371625,-0.010371625,27
test,303,0,0.5513514,0.009875476,-0.009875476,51
test,304,0,0.54794234,0.0019071698,-0.0019071698,15
test,305,0,0.55112976,-0.011121035,0.011121035,387
test,306,0,0.5530781,-0.011097908,0.011097908,9
test,307,0,0.5502136,-0.0035775304,0.0035775304,15
test,308,0,0.55367184,-0.0025994778,0.0025994778,15
test,309,0,0.5510891,-0.0016058087,0.0016058087,27
test,310,0,0.55867994,-0.0036209822,0.0036209822,51
test,311,0,0.5658242,-0.003448546,0.003448546,9
test,312,0,0.5635437,-0.0017428994,0.0017428994,387
test,313,0,0.5448762,0.001994729,-0.001994729,27
test,314,0,0.5426635,0.0035826564,-0.0035826564,9
test,315,0,0.5422175,0.0050400496,-0.0050400496,51
test,316,0,0.5365874,0.009368002,-0.009368002,27
test,317,0,0.5385619,0.009038508,-0.009038508,51
test,318,0,0.53720844,0.009964526,-0.009964526,51
test,319,0,0.53663605,0.00987041,-0.00987041,9
test,320,0,0.53216785,0.039120853,-0.039120853,6147
test,321,0,0.53469425,0.03392315,-0.03392315,15
test,322,0,0.5430983,0.036801875,-0.036801875,27
test,323,0,0.5434816,0.037609935,-0.037609935,51
test,324,0,0.5452312,0.037176788,-0.037176788,51
test,325,0,0.54686505,0.036856234,-0.036856234,15
test,326,0,0.5319086,0.042248666,-0.042248666,27
test,327,0,0.52705985,0.046951383,-0.046951383,15
test,328,0,0.5341286,0.040178895,-0.040178895,9
test,329,0,0.52998435,0.042241365,-0.042241365,15
test,330,0,0.5287313,0.04529959,-0.04529959,51
test,331,0,0.53049237,0.04444322,-0.04444322,27
test,332,0,0.53822327,0.032950997,-0.032950997,3075
test,333,0,0.53765994,0.032096267,-0.032096267,27
test,334,0,0.5470452,0.026908398,-0.026908398,15
test,335,0,0.537613,0.03562981,-0.03562981,99
test,336,0,0.5373139,0.036711156,-0.036711156,9
test,337,0,0.53870946,0.035039783,-0.035039783,9
test,338,0,0.54315555,0.032824934,-0.032824934,27
test,339,0,0.54660696,0.03281653,-0.03281653,9
test,340,0,0.5497916,0.03268373,-0.03268373,51
test,341,0,0.5453601,0.037546754,-0.037546754,27
test,342,0,0.5317498,0.04580894,-0.04580894,51
test,343,0,0.52921647,0.0471538,-0.0471538,15
test,344,0,0.5225085,0.049242854,-0.049242854,15
test,345,0,0.52084,0.053026974,-0.053026974,9
test,346,0,0.52511084,0.046872616,-0.046872616,99
test,347,0,0.5235451,0.04740727,-0.04740727,15
test,348,0,0.51962763,0.047766447,-0.047766447,9
test,349,0,0.51938593,0.048012137,-0.048012137,9
test,350,0,0.5185931,0.049220115,-0.049220115,9
test,351,0,0.51640874,0.04936838,-0.04936838,195
test,352,0,0.5167115,0.04959938,-0.04959938,9
test,353,0,0.518352,0.046197146,-0.046197146,6147
test,354,0,0.52266544,0.045677602,-0.045677602,27
test,355,0,0.5210311,0.045268178,-0.045268178,9
test,356,0,0.53098416,0.04167795,-0.04167795,99
test,357,0,0.5392642,0.044066966,-0.044066966,99
test,358,0,0.5417185,0.041900694,-0.041900694,15
test,359,0,0.53589296,0.04341781,-0.04341781,9
test,360,0,0.52297276,0.04514903,-0.04514903,387
test,361,0,0.52474123,0.045701712,-0.045701712,27
test,362,0,0.5264612,0.047119707,-0.047119707,195
test,363,0,0.5244458,0.047747195,-0.047747195,27
test,364,0,0.5250745,0.048175037,-0.048175037,9
test,365,0,0.52803427,0.047489822,-0.047489822,9
test,366,0,0.5333288,0.043495,-0.043495,15
test,367,0,0.5394211,0.040734887,-0.040734887,1539
test,368,0,0.55746716,0.036637843,-0.036637843,9
test,369,0,0.5611161,0.036642015,-0.036642015,15
test,370,0,0.55314463,0.036201835,-0.036201835,9
test,371,0,0.5417756,0.03535241,-0.03535241,15
test,372,0,0.5414132,0.035560012,-0.035560012,9
test,373,0,0.5394737,0.035241187,-0.035241187,27
test,374,0,0.5104794,0.034472346,-0.034472346,15
test,375,0,0.5124311,0.031459212,-0.031459212,51
test,376,0,0.51677793,0.030110657,-0.030110657,9
test,377,0,0.51315475,0.031995893,-0.031995893,9
test,378,0,0.5107162,0.032346576,-0.032346576,387
test,379,0,0.5087648,0.032992303,-0.032992303,51
test,380,0,0.50717926,0.031373233,-0.031373233,27
test,381,0,0.50470376,0.03254217,-0.03254217,9
test,382,0,0.49981976,0.036438465,-0.036438465,9
test,383,0,0.503372,0.035670847,-0.035670847,15
test,384,0,0.49767107,0.0360502,-0.0360502,27
test,385,0,0.49700844,0.037213087,-0.037213087,99
test,386,0,0.4996079,0.036655486,-0.036655486,27
test,387,0,0.5044808,0.03405395,-0.03405395,771
test,388,0,0.51108533,0.033236593,-0.033236593,6147
test,389,0,0.50811607,0.033087105,-0.033087105,9
test,390,0,0.5055641,0.032886565,-0.032886565,387
test,391,0,0.5119835,0.03255248,-0.03255248,15
test,392,0,0.51836526,0.032360375,-0.032360375,15
test,393,0,0.5212345,0.03171414,-0.03171414,15
test,394,0,0.52338815,0.03214729,-0.03214729,99
test,395,0,0.53471285,0.03300059,-0.03300059,99
test,396,0,0.5502792,0.033638537,-0.033638537,27
test,397,0,0.55030775,0.03391677,-0.03391677,9
test,398,0,0.5573018,0.03334582,-0.03334582,51
test,399,0,0.54241884,0.032728493,-0.032728493,9
test,400,0,0.5512236,0.033777595,-0.033777595,15
test,401,0,0.5520552,0.033810675,-0.033810675,9
test,402,0,0.56293535,0.03558469,-0.03558469,15
test,403,0,0.56522053,0.035359323,-0.035359323,27
test,404,0,0.5634795,0.036046028,-0.036046028,27
test,405,0,0.58557856,0.038559973,-0.038559973,15
test,406,0,0.585647,0.038165748,-0.038165748,9
test,407,0,0.6277559,0.04212004,-0.04212004,195
test,408,0,0.63941497,0.042624533,-0.042624533,9
test,409,0,0.6471099,0.0450024,-0.0450024,27
test,410,0,0.6557017,0.045933902,-0.045933902,15
test,411,0,0.69927025,0.049049318,-0.049049318,9
test,412,0,0.6939838,0.04897535,-0.04897535,99
test,413,0,0.67183065,0.04365498,-0.04365498,9
test,414,0,0.69207686,0.047173202,-0.047173202,51
test,415,0,0.713849,0.051378667,-0.051378667,27
test,416,0,0.71886736,0.052185297,-0.052185297,9
test,417,0,0.72006005,0.05235684,-0.05235684,9
test,418,0,0.73666704,0.048646986,-0.048646986,771
test,419,0,0.7730381,0.056795657,-0.056795657,9
test,420,0,0.8007575,0.052446842,-0.052446842,15
test,421,0,0.78757095,0.04208368,-0.04208368,15
test,422,0,0.7763993,0.04974538,-0.04974538,9
test,423,0,0.77917325,0.050023675,-0.050023675,9
test,424,0,0.79349625,0.055128157,-0.055128157,27
test,425,0,0.8294799,0.05105734,-0.05105734,51
test,426,0,0.829669,0.051049232,-0.051049232,9
test,427,0,0.830506,0.050299346,-0.050299346,9
test,428,0,0.79206115,0.05251038,-0.05251038,9
test,429,0,0.8450611,0.059505105,-0.059505105,9
test,430,0,0.80451155,0.051918983,-0.051918983,771
test,431,0,0.76098484,0.04469526,-0.04469526,15
test,432,0,0.7668634,0.045992196,-0.045992196,99
test,433,0,0.7664966,0.046298385,-0.046298385,51
test,434,0,0.77216476,0.046666324,-0.046666324,27
test,435,0,0.7761498,0.0468089,-0.0468089,51
test,436,0,0.68650585,0.05394405,-0.05394405,9
test,437,0,0.69787794,0.05414164,-0.05414164,27
test,438,0,0.69323254,0.05312127,-0.05312127,27
test,439,0,0.70195955,0.05268222,-0.05268222,27
test,440,0,0.6922902,0.052065432,-0.052065432,15
test,441,0,0.66274166,0.047966838,-0.047966838,51
test,442,0,0.6748771,0.050946355,-0.050946355,51
test,443,0,0.66893935,0.047442436,-0.047442436,15
test,444,0,0.67665493,0.047887623,-0.047887623,771
test,445,0,0.70143616,0.053642035,-0.053642035,15
test,446,0,0.7130768,0.05600047,-0.05600047,9
test,447,0,0.7121682,0.056720078,-0.056720078,15
test,448,0,0.6935958,0.05426818,-0.05426818,15
test,449,0,0.71527797,0.059764266,-0.059764266,27
test,450,0,0.66807497,0.057320178,-0.057320178,24579
test,451,0,0.6208217,0.04823512,-0.04823512,387
test,452,0,0.63663405,0.04626137,-0.04626137,9
test,453,0,0.638856,0.046545863,-0.046545863,9
test,454,0,0.6596286,0.04131061,-0.04131061,1539
test,455,0,0.6811851,0.033700764,-0.033700764,15
test,456,0,0.66841036,0.03187573,-0.03187573,9
test,457,0,0.6870599,0.027957082,-0.027957082,51
test,458,0,0.68251854,0.025182545,-0.025182545,9
test,459,0,0.6888155,0.023972452,-0.023972452,27
test,460,0,0.6759535,0.019101381,-0.019101381,99
test,461,0,0.58309853,0.02748543,-0.02748543,27
test,462,0,0.5851904,0.027483463,-0.027483463,15
test,463,0,0.6092099,0.03187877,-0.03187877,9
test,464,0,0.6099372,0.03199351,-0.03199351,27
test,465,0,0.5878334,0.026903808,-0.026903808,9
test,466,0,0.58885795,0.027023315,-0.027023315,9
test,467,0,0.6017999,0.031823993,-0.031823993,15
test,468,0,0.6015138,0.033285975,-0.033285975,27
test,469,0,0.59343815,0.032682717,-0.032682717,9
test,470,0,0.61308676,0.037743747,-0.037743747,99
test,471,0,0.5666344,0.027583897,-0.027583897,27
test,472,0,0.56192726,0.0265522,-0.0265522,9
test,473,0,0.5598609,0.026548445,-0.026548445,9
test,474,0,0.544686,0.023386478,-0.023386478,27
test,475,0,0.5481302,0.024727404,-0.024727404,9
test,476,0,0.54593337,0.024367213,-0.024367213,15
test,477,0,0.5584835,0.026429117,-0.026429117,387
test,478,0,0.5630763,0.027794957,-0.027794957,195
test,479,0,0.5716262,0.030066013,-0.030066013,99
test,480,0,0.572885,0.030282378,-0.030282378,9
test,481,0,0.58350337,0.03204453,-0.03204453,51
test,482,0,0.57999384,0.031708002,-0.031708002,15
test,483,0,0.5830317,0.03181988,-0.03181988,15
test,484,0,0.6223829,0.04636073,-0.04636073,27
test,485,0,0.6302097,0.048548102,-0.048548102,27
test,486,0,0.6424712,0.051334262,-0.051334262,27
test,487,0,0.6318798,0.04506421,-0.04506421,9
test,488,0,0.5511831,0.027660728,-0.027660728,387
test,489,0,0.54451346,0.025782168,-0.025782168,15
test,490,0,0.5461866,0.025740087,-0.025740087,9
test,491,0,0.5561575,0.025380969,-0.025380969,9
test,492,0,0.5572479,0.025657058,-0.025657058,9
test,493,0,0.5545371,0.024974525,-0.024974525,195
test,494,0,0.5560775,0.025087595,-0.025087595,9
test,495,0,0.55462784,0.024635375,-0.024635375,9
test,496,0,0.5712753,0.028695405,-0.028695405,15
test,497,0,0.54558396,0.02448821,-0.02448821,27
test,498,0,0.54903626,0.025277436,-0.025277436,15
test,499,0,0.5339309,0.022731602,-0.022731602,9
test,500,0,0.5290597,0.023669839,-0.023669839,9
test,501,0,0.5544293,0.027509332,-0.027509332,27
test,502,0,0.5617093,0.02963084,-0.02963084,195
test,503,0,0.5325061,0.024918258,-0.024918258,99
test,504,0,0.54361504,0.025111973,-0.025111973,195
test,505,0,0.5387289,0.02410698,-0.02410698,9
test,506,0,0.5240891,0.022366345,-0.022366345,27
test,507,0,0.5145309,0.02132386,-0.02132386,15
test,508,0,0.5113957,0.02118349,-0.02118349,15
test,509,0,0.51143986,0.021336854,-0.021336854,15
test,510,0,0.50816244,0.019620985,-0.019620985,99
test,511,0,0.5226898,0.01951766,-0.01951766,51
test,512,0,0.5173043,0.021248102,-0.021248102,12291
test,513,0,0.50426114,0.020511717,-0.020511717,15
test,514,0,0.51313627,0.020252794,-0.020252794,27
test,515,0,0.5158028,0.02055499,-0.02055499,387
test,516,0,0.5169018,0.020644784,-0.020644784,51
test,517,0,0.5028438,0.022295684,-0.022295684,9
test,518,0,0.50644046,0.023084939,-0.023084939,9
test,519,0,0.5131235,0.023112833,-0.023112833,15
test,520,0,0.5178384,0.023406982,-0.023406982,15
test,521,0,0.50551295,0.025455892,-0.025455892,9
test,522,0,0.5127277,0.023496747,-0.023496747,27
test,523,0,0.5156112,0.02300033,-0.02300033,9
test,524,0,0.5308542,0.024939775,-0.024939775,15
test,525,0,0.53627795,0.025673985,-0.025673985,51
test,526,0,0.5464102,0.027380228,-0.027380228,15
test,527,0,0.5754481,0.027516603,-0.027516603,27
test,528,0,0.5618075,0.025308192,-0.025308192,27
test,529,0,0.5481648,0.024561226,-0.024561226,9
test,530,0,0.54605854,0.025876105,-0.025876105,51
test,531,0,0.5637957,0.026984751,-0.026984751,27
test,532,0,0.55871534,0.027039409,-0.027039409,9
test,533,0,0.5561639,0.026328325,-0.026328325,9
test,534,0,0.53030443,0.027238429,-0.027238429,51
test,535,0,0.5322183,0.026858628,-0.026858628,15
test,536,0,0.54026437,0.025922775,-0.025922775,387
test,537,0,0.54039687,0.02425009,-0.02425009,27
test,538,0,0.5325539,0.024190664,-0.024190664,15
test,539,0,0.5381288,0.02286148,-0.02286148,9
test,540,0,0.5567723,0.023492455,-0.023492455,9
test,541,0,0.558661,0.0226987,-0.0226987,27
test,542,0,0.55911726,0.02266848,-0.02266848,9
test,543,0,0.564836,0.022764504,-0.022764504,9
test,544,0,0.5826177,0.016685247,-0.016685247,9
test,545,0,0.59693784,0.016438782,-0.016438782,15
test,546,0,0.5794374,0.019860387,-0.019860387,387
test,547,0,0.5633012,0.01800549,-0.01800549,9
test,548,0,0.55452645,0.018001318,-0.018001318,15
test,549,0,0.55374146,0.017953992,-0.017953992,27
test,550,0,0.5660789,0.01635474,-0.01635474,15
test,551,0,0.56179655,0.017535329,-0.017535329,9
test,552,0,0.56393677,0.017235458,-0.017235458,15
test,553,0,0.5696352,0.016218543,-0.016218543,9
test,554,0,0.57705367,0.016563177,-0.016563177,15
test,555,0,0.57062465,0.015477717,-0.015477717,99
test,556,0,0.56245047,0.016078651,-0.016078651,27
test,557,0,0.5262716,0.015828192,-0.015828192,51
test,558,0,0.5239141,0.0166865,-0.0166865,15
test,559,0,0.5158008,0.016797543,-0.016797543,27
test,560,0,0.5327531,0.011087418,-0.011087418,51
test,561,0,0.5428716,0.010666907,-0.010666907,15
test,562,0,0.53098965,0.01641804,-0.01641804,15
test,563,0,0.52540106,0.016323268,-0.016323268,195
test,564,0,0.5386262,0.017253876,-0.017253876,15
test,565,0,0.5521733,0.018756807,-0.018756807,15
test,566,0,0.5415265,0.01862967,-0.01862967,1539
test,567,0,0.5491931,0.018642902,-0.018642902,51
test,568,0,0.5520977,0.018764973,-0.018764973,15
test,569,0,0.5553333,0.019082904,-0.019082904,27
test,570,0,0.5754618,0.0126212835,-0.0126212835,9
test,571,0,0.5876704,0.014295697,-0.014295697,9
test,572,0,0.5894965,0.01362735,-0.01362735,387
test,573,0,0.60515356,0.014872372,-0.014872372,27
test,574,0,0.6018395,0.014519334,-0.014519334,9
test,575,0,0.616025,0.017614663,-0.017614663,15
test,576,0,0.6061732,0.01570028,-0.01570028,15
test,577,0,0.5925528,0.014661491,-0.014661491,51
test,578,0,0.6114689,0.01655811,-0.01655811,9
test,579,0,0.5844126,0.020980656,-0.020980656,15
test,580,0,0.57561594,0.018362164,-0.018362164,3075
test,581,0,0.57961476,0.017974615,-0.017974615,99
test,582,0,0.5788459,0.017460704,-0.017460704,27
test,583,0,0.57638663,0.017822027,-0.017822027,387
test,584,0,0.5906508,0.020008147,-0.020008147,51
test,585,0,0.6048867,0.020213604,-0.020213604,99
test,586,0,0.62767226,0.020985961,-0.020985961,6147
test,587,0,0.6468427,0.016868234,-0.016868234,15
test,588,0,0.6937244,0.021722972,-0.021722972,9
test,589,0,0.7306299,0.028230071,-0.028230071,387
test,590,0,0.72490466,0.02861631,-0.02861631,15
test,591,0,0.7536206,0.027801871,-0.027801871,9
test,592,0,0.73269695,0.029362738,-0.029362738,9
test,593,0,0.7672591,0.028832614,-0.028832614,195
test,594,0,0.7921475,0.01508081,-0.01508081,195
test,595,0,0.74362046,0.010579944,-0.010579944,15
test,596,0,0.7049473,0.008629918,-0.008629918,15
test,597,0,0.7089954,0.0095562935,-0.0095562935,9
test,598,0,0.7233234,0.01240164,-0.01240164,27
test,599,0,0.7413421,0.01656127,-0.01656127,9
test,600,0,0.74337727,0.02541858,-0.02541858,15
test,601,0,0.6570592,0.011738241,-0.011738241,9
test,602,0,0.66040283,0.0116734505,-0.0116734505,9
test,603,0,0.6259682,0.0093714,-0.0093714,9
test,604,0,0.63092935,0.009604692,-0.009604692,9
test,605,0,0.6655793,0.015558779,-0.015558779,195
test,606,0,0.6864164,0.017392397,-0.017392397,15
test,607,0,0.68318635,0.026419044,-0.026419044,51
test,608,0,0.6859148,0.026822865,-0.026822865,51
test,609,0,0.7301621,0.035274863,-0.035274863,9
test,610,0,0.727716,0.03539741,-0.03539741,27
test,611,0,0.7477323,0.04500115,-0.04500115,51
test,612,0,0.7477622,0.046417534,-0.046417534,51
test,613,0,0.7055017,0.04946989,-0.04946989,15
test,614,0,0.7102723,0.052881896,-0.052881896,51
test,615,0,0.6902847,0.053690612,-0.053690612,9
test,616,0,0.6955479,0.055292487,-0.055292487,9
test,617,0,0.6278608,0.04762268,-0.04762268,51
test,618,0,0.651742,0.057378888,-0.057378888,27
test,619,0,0.59371334,0.035845697,-0.035845697,9
test,620,0,0.5828873,0.03649223,-0.03649223,9
test,621,0,0.54601043,0.030562878,-0.030562878,51
test,622,0,0.53904593,0.029449224,-0.029449224,99
test,623,0,0.5539973,0.034632683,-0.034632683,195
test,624,0,0.5661113,0.0393793,-0.0393793,771
test,625,0,0.57752126,0.04022938,-0.04022938,387
test,626,0,0.5637297,0.036251724,-0.036251724,9
test,627,0,0.5814214,0.040193677,-0.040193677,9
test,628,0,0.5803275,0.039892197,-0.039892197,27
test,629,0,0.5675846,0.03632152,-0.03632152,27
test,630,0,0.5558265,0.032337606,-0.032337606,387
test,631,0,0.5477573,0.032125115,-0.032125115,27
test,632,0,0.545116,0.032865703,-0.032865703,27
test,633,0,0.5483544,0.033954978,-0.033954978,51
test,634,0,0.55955523,0.036791325,-0.036791325,9
test,635,0,0.5238005,0.028012276,-0.028012276,99
test,636,0,0.53940535,0.030678451,-0.030678451,27
test,637,0,0.5524813,0.03451866,-0.03451866,6147
test,638,0,0.5489582,0.034322023,-0.034322023,9
test,639,0,0.55108243,0.032840967,-0.032840967,9
test,640,0,0.5465074,0.031830847,-0.031830847,9
test,641,0,0.51986015,0.025729328,-0.025729328,15
test,642,0,0.5280068,0.027396083,-0.027396083,9
test,643,0,0.51545876,0.025032163,-0.025032163,9
test,644,0,0.51037526,0.024041474,-0.024041474,9
test,645,0,0.51406103,0.02501911,-0.02501911,9
test,646,0,0.525773,0.027760923,-0.027760923,49155
test,647,0,0.5307395,0.028919876,-0.028919876,9
test,648,0,0.5465171,0.03263855,-0.03263855,27
test,649,0,0.5532912,0.034564257,-0.034564257,15
test,650,0,0.5631678,0.03341818,-0.03341818,99
test,651,0,0.5655348,0.03382039,-0.03382039,195
test,652,0,0.56765175,0.03436762,-0.03436762,98307
test,653,0,0.5701205,0.034795463,-0.034795463,15
test,654,0,0.5706508,0.03487432,-0.03487432,51
test,655,0,0.5204633,0.022897601,-0.022897601,15
test,656,0,0.5120568,0.021816522,-0.021816522,1539
test,657,0,0.5092808,0.020074517,-0.020074517,387
test,658,0,0.51107097,0.020478368,-0.020478368,27
test,659,0,0.51296157,0.02079162,-0.02079162,15
test,660,0,0.51896864,0.02049911,-0.02049911,27
test,661,0,0.5077419,0.02061525,-0.02061525,15
test,662,0,0.5134532,0.022635221,-0.022635221,51
test,663,0,0.5117164,0.02233839,-0.02233839,27
test,664,0,0.5340137,0.024964511,-0.024964511,27
test,665,0,0.5152513,0.022693962,-0.022693962,99
test,666,0,0.5236483,0.023563504,-0.023563504,27
test,667,0,0.5211113,0.023045957,-0.023045957,27
test,668,0,0.5224139,0.023409188,-0.023409188,9
test,669,0,0.5295948,0.023988843,-0.023988843,27
test,670,0,0.5376446,0.023050427,-0.023050427,771
test,671,0,0.533993,0.022248447,-0.022248447,15
test,672,0,0.53231925,0.021871924,-0.021871924,51
test,673,0,0.5338964,0.02161622,-0.02161622,387
test,674,0,0.51393056,0.019895911,-0.019895911,15
test,675,0,0.5236246,0.021679878,-0.021679878,27
test,676,0,0.53257465,0.023288727,-0.023288727,15
test,677,0,0.5334571,0.023245454,-0.023245454,27
test,678,0,0.5284104,0.02141136,-0.02141136,15
test,679,0,0.530494,0.018898487,-0.018898487,51
test,680,0,0.54948723,0.021937132,-0.021937132,15
test,681,0,0.5350408,0.019511819,-0.019511819,51
test,682,0,0.54224265,0.020486891,-0.020486891,9
test,683,0,0.52891093,0.017965496,-0.017965496,9
test,684,0,0.5366562,0.017542064,-0.017542064,15
test,685,0,0.54026204,0.016196847,-0.016196847,9
test,686,0,0.54704434,0.015810132,-0.015810132,9
test,687,0,0.5431008,0.014542878,-0.014542878,9
test,688,0,0.53684825,0.011830509,-0.011830509,387
test,689,0,0.53792834,0.011669517,-0.011669517,9
test,690,0,0.53090173,0.0106268525,-0.0106268525,15
test,691,0,0.537206,0.011720002,-0.011720002,51
test,692,0,0.5157236,0.016792893,-0.016792893,99
test,693,0,0.5109861,0.016598254,-0.016598254,27
test,694,0,0.51891255,0.016776264,-0.016776264,99
test,695,0,0.52185315,0.017071903,-0.017071903,51
test,696,0,0.51473665,0.016719282,-0.016719282,9
test,697,0,0.5069072,0.017129332,-0.017129332,99
test,698,0,0.50140923,0.01759085,-0.01759085,9
test,699,0,0.50522965,0.016139358,-0.016139358,27
test,700,0,0.50200677,0.015350848,-0.015350848,99
test,701,0,0.49900112,0.014615297,-0.014615297,15
test,702,0,0.5121179,0.015070021,-0.015070021,15
test,703,0,0.5192175,0.01573813,-0.01573813,15
test,704,0,0.52399504,0.016498923,-0.016498923,51
test,705,0,0.521674,0.017331362,-0.017331362,1539
test,706,0,0.5223337,0.015354037,-0.015354037,51
test,707,0,0.5233342,0.014341772,-0.014341772,12291
test,708,0,0.522138,0.012534857,-0.012534857,9
test,709,0,0.5140718,0.01909265,-0.01909265,51
test,710,0,0.5194627,0.018698275,-0.018698275,15
test,711,0,0.5131093,0.018336654,-0.018336654,51
test,712,0,0.50166285,0.019972026,-0.019972026,15
test,713,0,0.49897003,0.019738704,-0.019738704,387
test,714,0,0.49720818,0.021472901,-0.021472901,15
test,715,0,0.49536467,0.01898095,-0.01898095,15
test,716,0,0.49431446,0.018425524,-0.018425524,51
test,717,0,0.49292836,0.018669099,-0.018669099,15
test,718,0,0.49749982,0.014518976,-0.014518976,771
test,719,0,0.49593344,0.014931917,-0.014931917,27
test,720,0,0.49760592,0.015700638,-0.015700638,15
test,721,0,0.50162864,0.013181955,-0.013181955,9
test,722,0,0.49845228,0.01284194,-0.01284194,27
test,723,0,0.49484167,0.015058458,-0.015058458,27
test,724,0,0.49189183,0.015031576,-0.015031576,99
test,725,0,0.4900516,0.017338485,-0.017338485,27
test,726,0,0.4925095,0.01819855,-0.01819855,9
test,727,0,0.496901,0.014070272,-0.014070272,15
test,728,0,0.4967044,0.0137446225,-0.0137446225,9
test,729,0,0.49976996,0.015415698,-0.015415698,27
test,730,0,0.50199103,0.013552755,-0.013552755,9
test,731,0,0.4977813,0.015071452,-0.015071452,51
test,732,0,0.50371766,0.012224019,-0.012224019,27
test,733,0,0.5030123,0.012481123,-0.012481123,9
test,734,0,0.507163,0.010951847,-0.010951847,99
test,735,0,0.5040817,0.010763913,-0.010763913,51
test,736,0,0.51225805,0.0081522465,-0.0081522465,9
test,737,0,0.522831,0.0075646043,-0.0075646043,27
test,738,0,0.51879585,0.007127762,-0.007127762,9
test,739,0,0.5200175,0.0041048527,-0.0041048527,99
test,740,0,0.50755626,0.006926894,-0.006926894,9
test,741,0,0.50750446,0.0065646768,-0.0065646768,195
test,742,0,0.5135296,0.0057930946,-0.0057930946,195
test,743,0,0.5144493,0.0053631067,-0.0053631067,9
test,744,0,0.51556444,0.005413413,-0.005413413,15
test,745,0,0.520819,0.0027492642,-0.0027492642,27
test,746,0,0.52474016,0.0020594597,-0.0020594597,27
test,747,0,0.5262865,0.001758635,-0.001758635,9
test,748,0,0.50451267,0.0046555996,-0.0046555996,99
test,749,0,0.5073825,0.003745675,-0.003745675,27
test,750,0,0.49619907,0.0063672364,-0.0063672364,15
test,751,0,0.4947838,0.0074574947,-0.0074574947,1539
test,752,0,0.48781687,0.013051331,-0.013051331,387
test,753,0,0.4895432,0.008646935,-0.008646935,9
test,754,0,0.48913488,0.009993941,-0.009993941,15
test,755,0,0.48765704,0.008761495,-0.008761495,15
test,756,0,0.4879259,0.0073359013,-0.0073359013,27
test,757,0,0.48562583,0.010613024,-0.010613024,1539
test,758,0,0.48679486,0.008894056,-0.008894056,6147
test,759,0,0.48592314,0.009612411,-0.009612411,9
test,760,0,0.487541,0.009907216,-0.009907216,27
test,761,0,0.48463914,0.013295442,-0.013295442,99
test,762,0,0.4845186,0.01312843,-0.01312843,9
test,763,0,0.4848538,0.012708366,-0.012708366,15
test,764,0,0.4836084,0.01441434,-0.01441434,195
test,765,0,0.48468593,0.012313604,-0.012313604,9
test,766,0,0.4851471,0.012034774,-0.012034774,195
test,767,0,0.48587462,0.009885341,-0.009885341,15
test,768,0,0.4825599,0.011311948,-0.011311948,27
test,769,0,0.47817537,0.01886341,-0.01886341,15
test,770,0,0.47636944,0.020304978,-0.020304978,9
test,771,0,0.4768667,0.018691748,-0.018691748,27
test,772,0,0.47654584,0.02178502,-0.02178502,771
test,773,0,0.47645253,0.02311638,-0.02311638,1539
test,774,0,0.4764647,0.0223881,-0.0223881,1539
test,775,0,0.47629434,0.019004911,-0.019004911,12291
test,776,0,0.47542801,0.020933539,-0.020933539,3075
test,777,0,0.4744069,0.02169326,-0.02169326,27
test,778,0,0.4742311,0.023367882,-0.023367882,9
test,779,0,0.47426823,0.023096174,-0.023096174,12291
test,780,0,0.47472763,0.021855801,-0.021855801,9
test,781,0,0.4748133,0.02190572,-0.02190572,99
test,782,0,0.47431192,0.022692591,-0.022692591,9
test,783,0,0.47649783,0.017233372,-0.017233372,15
test,784,0,0.48172975,0.010506213,-0.010506213,99
test,785,0,0.4806719,0.010181755,-0.010181755,15
test,786,0,0.481338,0.009914637,-0.009914637,51
test,787,0,0.48861513,0.005020112,-0.005020112,27
test,788,0,0.49882305,0.0026594698,-0.0026594698,9
test,789,0,0.48147142,0.009049177,-0.009049177,771
test,790,0,0.48791,0.0050419867,-0.0050419867,51
test,791,0,0.49134272,0.004066229,-0.004066229,51
test,792,0,0.50076157,0.0021092296,-0.0021092296,9
test,793,0,0.49770322,0.0019550323,-0.0019550323,9
test,794,0,0.493753,0.0019808114,-0.0019808114,15
test,795,0,0.4943845,0.0018271506,-0.0018271506,3075
test,796,0,0.51694554,-0.0015301704,0.0015301704,15
test,797,0,0.5209944,-0.0023472905,0.0023472905,15
test,798,0,0.5080604,0.00416255,-0.00416255,195
test,799,0,0.51002705,0.0006635189,-0.0006635189,9
test,800,0,0.5052796,5.4359436e-05,-5.4359436e-05,51
test,801,0,0.5034865,-0.0021009445,0.0021009445,27
test,802,0,0.50382674,-0.0023111105,0.0023111105,1539
test,803,0,0.49393615,-0.00047898293,0.00047898293,99
test,804,0,0.49741888,-0.00037413836,0.00037413836,51
test,805,0,0.48731858,0.0056443214,-0.0056443214,27
test,806,0,0.4726698,0.011339277,-0.011339277,15
test,807,0,0.46988675,0.0151515305,-0.0151515305,99
test,808,0,0.47042835,0.014899939,-0.014899939,51
test,809,0,0.47162506,0.014466941,-0.014466941,9
test,810,0,0.4733814,0.014313787,-0.014313787,51
test,811,0,0.47505957,0.014348537,-0.014348537,9
test,812,0,0.4722711,0.016745389,-0.016745389,771
test,813,0,0.47488052,0.015630454,-0.015630454,9
test,814,0,0.46901375,0.020476907,-0.020476907,15
test,815,0,0.46689114,0.020453244,-0.020453244,9
test,816,0,0.4687119,0.018745124,-0.018745124,9
test,817,0,0.46826977,0.019027442,-0.019027442,51
test,818,0,0.46800733,0.015545696,-0.015545696,15
test,819,0,0.466664,0.019202888,-0.019202888,15
test,820,0,0.46625265,0.01571253,-0.01571253,9
test,821,0,0.47274634,0.035846233,-0.035846233,387
test,822,0,0.47482562,0.03746766,-0.03746766,51
test,823,0,0.46913964,0.032656074,-0.032656074,99
test,824,0,0.46576074,0.028392285,-0.028392285,195
test,825,0,0.46564683,0.027595311,-0.027595311,15
test,826,0,0.47228473,0.030869156,-0.030869156,6147
test,827,0,0.47202858,0.030803204,-0.030803204,51
test,828,0,0.47235775,0.031661212,-0.031661212,27
test,829,0,0.47058374,0.026460528,-0.026460528,15
test,830,0,0.46996313,0.027278394,-0.027278394,51
test,831,0,0.46815088,0.025638133,-0.025638133,15
test,832,0,0.46819085,0.025716126,-0.025716126,9
test,833,0,0.47001952,0.023572475,-0.023572475,9
test,834,0,0.4731199,0.019907326,-0.019907326,195
test,835,0,0.4739061,0.019006073,-0.019006073,9
test,836,0,0.47441995,0.018866092,-0.018866092,99
test,837,0,0.47341567,0.018773764,-0.018773764,9
test,838,0,0.48100957,0.019278258,-0.019278258,9
test,839,0,0.48631468,0.019094765,-0.019094765,51
test,840,0,0.5014205,0.021116495,-0.021116495,27
test,841,0,0.51312375,0.018843919,-0.018843919,15
test,842,0,0.5209719,0.021028876,-0.021028876,15
test,843,0,0.5000174,0.02042222,-0.02042222,15
test,844,0,0.50420415,0.020399332,-0.020399332,27
test,845,0,0.4979964,0.020393163,-0.020393163,15
test,846,0,0.4992994,0.020101547,-0.020101547,99
test,847,0,0.4896603,0.020057678,-0.020057678,387
test,848,0,0.48652676,0.020061672,-0.020061672,9
test,849,0,0.4825008,0.022496194,-0.022496194,9
test,850,0,0.4778219,0.022093177,-0.022093177,27
test,851,0,0.47830412,0.022384882,-0.022384882,15
test,852,0,0.47336105,0.022316277,-0.022316277,9
test,853,0,0.4739165,0.022396803,-0.022396803,27
test,854,0,0.47915125,0.021734118,-0.021734118,195
test,855,0,0.4837528,0.02339366,-0.02339366,27
test,856,0,0.4793558,0.022679001,-0.022679001,51
test,857,0,0.48269784,0.022678822,-0.022678822,51
test,858,0,0.4905961,0.023879826,-0.023879826,195
test,859,0,0.49556726,0.02450934,-0.02450934,387
test,860,0,0.48446488,0.021603703,-0.021603703,771
test,861,0,0.4762269,0.020034939,-0.020034939,27
test,862,0,0.4774374,0.020989478,-0.020989478,9
test,863,0,0.48694178,0.022775024,-0.022775024,15
test,864,0,0.48732987,0.022575945,-0.022575945,27
test,865,0,0.4853953,0.022612989,-0.022612989,15
test,866,0,0.4915087,0.025468946,-0.025468946,771
test,867,0,0.48688456,0.023979306,-0.023979306,15
test,868,0,0.4781937,0.021466464,-0.021466464,99
test,869,0,0.47795975,0.02157703,-0.02157703,9
test,870,0,0.4692039,0.019874215,-0.019874215,9
test,871,0,0.46594205,0.01898101,-0.01898101,9
test,872,0,0.46498924,0.019471586,-0.019471586,9
test,873,0,0.46501866,0.020056129,-0.020056129,9
test,874,0,0.46297142,0.018948585,-0.018948585,9
test,875,0,0.46651402,0.020941615,-0.020941615,51
test,876,0,0.4664145,0.021047741,-0.021047741,9
test,877,0,0.46642372,0.021056116,-0.021056116,771
test,878,0,0.46735135,0.021446437,-0.021446437,99
test,879,0,0.47311097,0.02310887,-0.02310887,9
test,880,0,0.46869698,0.020914108,-0.020914108,15
test,881,0,0.4677306,0.02025333,-0.02025333,9
test,882,0,0.4703597,0.021009982,-0.021009982,99
test,883,0,0.46747446,0.019541055,-0.019541055,15
test,884,0,0.46643752,0.018773109,-0.018773109,1539
test,885,0,0.46829236,0.02017209,-0.02017209,9
test,886,0,0.46028343,0.018087983,-0.018087983,771
test,887,0,0.46640307,0.021450192,-0.021450192,27
test,888,0,0.4637331,0.021104753,-0.021104753,99
test,889,0,0.4684065,0.022165388,-0.022165388,51
test,890,0,0.48184535,0.025628477,-0.025628477,15
test,891,0,0.47827312,0.024752647,-0.024752647,15
test,892,0,0.47662917,0.024051785,-0.024051785,27
test,893,0,0.47688678,0.0241324,-0.0241324,15
test,894,0,0.47775754,0.02438116,-0.02438116,9
test,895,0,0.4781772,0.024425924,-0.024425924,99
test,896,0,0.47856343,0.02454567,-0.02454567,99
test,897,0,0.47790977,0.024273992,-0.024273992,195
test,898,0,0.47353038,0.023288876,-0.023288876,9
test,899,0,0.4763396,0.023550242,-0.023550242,387
test,900,0,0.46694365,0.020752013,-0.020752013,99
test,901,0,0.4713991,0.021509498,-0.021509498,9
test,902,0,0.47749394,0.02372995,-0.02372995,15
test,903,0,0.48758838,0.027435333,-0.027435333,9
test,904,0,0.48670515,0.027193636,-0.027193636,9
test,905,0,0.48751098,0.027440399,-0.027440399,9
test,906,0,0.49168745,0.0286358,-0.0286358,51
test,907,0,0.4887662,0.024254143,-0.024254143,27
test,908,0,0.49034098,0.023798078,-0.023798078,51
test,909,0,0.4834852,0.019876987,-0.019876987,99
test,910,0,0.48094106,0.018106788,-0.018106788,51
test,911,0,0.48096207,0.015829116,-0.015829116,15
test,912,0,0.48264736,0.014939725,-0.014939725,9
test,913,0,0.48683846,0.018625826,-0.018625826,9
test,914,0,0.48500535,0.01671192,-0.01671192,51
test,915,0,0.48703772,0.017437756,-0.017437756,27
test,916,0,0.48639032,0.0202609,-0.0202609,9
test,917,0,0.48581576,0.018841803,-0.018841803,15
test,918,0,0.48766378,0.01649803,-0.01649803,15
test,919,0,0.4873987,0.016685098,-0.016685098,27
test,920,0,0.48836797,0.017944247,-0.017944247,9
test,921,0,0.48551235,0.01778096,-0.01778096,9
test,922,0,0.48452058,0.017516017,-0.017516017,15
test,923,0,0.48436722,0.0146254,-0.0146254,51
test,924,0,0.4855774,0.015172064,-0.015172064,15
test,925,0,0.4889676,0.011809617,-0.011809617,15
test,926,0,0.4894835,0.011162579,-0.011162579,15
test,927,0,0.49129817,0.012137443,-0.012137443,27
test,928,0,0.49183425,0.011023015,-0.011023015,15
test,929,0,0.4942642,0.010289431,-0.010289431,6147
test,930,0,0.49021795,0.011600971,-0.011600971,9
test,931,0,0.49195284,0.010051638,-0.010051638,195
test,932,0,0.49292597,0.008874029,-0.008874029,15
test,933,0,0.48928866,0.008176655,-0.008176655,27
test,934,0,0.49017122,0.0084890425,-0.0084890425,15
test,935,0,0.4898693,0.0076960027,-0.0076960027,387
test,936,0,0.49176273,0.0064906776,-0.0064906776,9
test,937,0,0.48520514,0.011358738,-0.011358738,99
test,938,0,0.4884242,0.0149668455,-0.0149668455,27
test,939,0,0.48725006,0.01357463,-0.01357463,15
test,940,0,0.48262218,0.011685789,-0.011685789,15
test,941,0,0.4821793,0.00907591,-0.00907591,99
test,942,0,0.4777838,0.006260067,-0.006260067,15
test,943,0,0.48127142,0.0045729876,-0.0045729876,195
test,944,0,0.4805744,0.006876141,-0.006876141,15
test,945,0,0.4806028,0.007373214,-0.007373214,9
test,946,0,0.48029554,0.007576108,-0.007576108,9
test,947,0,0.48076037,0.0039378703,-0.0039378703,1539
test,948,0,0.48035365,0.002271831,-0.002271831,51
test,949,0,0.48120484,0.002146244,-0.002146244,27
test,950,0,0.4814784,0.0026174188,-0.0026174188,27
test,951,0,0.48165452,0.0011315346,-0.0011315346,9
test,952,0,0.48187986,0.0057216287,-0.0057216287,27
test,953,0,0.4819857,0.005348623,-0.005348623,27
test,954,0,0.48156825,0.0048360825,-0.0048360825,9
test,955,0,0.48073494,0.0061476827,-0.0061476827,51
test,956,0,0.4789421,0.0041737556,-0.0041737556,195
test,957,0,0.4799549,0.0029248297,-0.0029248297,9
test,958,0,0.4830979,0.0037534833,-0.0037534833,15
test,959,0,0.49264497,0.009001225,-0.009001225,9
test,960,0,0.49275455,0.009923607,-0.009923607,9
test,961,0,0.4992391,0.016017586,-0.016017586,27
test,962,0,0.50360614,0.014654577,-0.014654577,27
test,963,0,0.49220014,0.016059786,-0.016059786,27
test,964,0,0.49045458,0.015509814,-0.015509814,15
test,965,0,0.4940895,0.016924798,-0.016924798,9
test,966,0,0.4940348,0.015911907,-0.015911907,27
test,967,0,0.4881842,0.0133778155,-0.0133778155,9
test,968,0,0.48791617,0.013756722,-0.013756722,9
test,969,0,0.4892731,0.008821666,-0.008821666,9
test,970,0,0.4944342,0.009432584,-0.009432584,387
test,971,0,0.50874764,0.015873224,-0.015873224,15
test,972,0,0.5077391,0.015422314,-0.015422314,9
test,973,0,0.49036276,0.0092202425,-0.0092202425,195
test,974,0,0.5042399,0.011442721,-0.011442721,15
test,975,0,0.50800693,0.01231271,-0.01231271,9
test,976,0,0.47323906,0.012191772,-0.012191772,15
test,977,0,0.47017664,0.013777852,-0.013777852,9
test,978,0,0.47091037,0.013768733,-0.013768733,99
test,979,0,0.4729849,0.017950684,-0.017950684,9
test,980,0,0.4773387,0.020240456,-0.020240456,15
test,981,0,0.47558388,0.023652256,-0.023652256,387
test,982,0,0.4761676,0.023991823,-0.023991823,9
test,983,0,0.47625145,0.023790091,-0.023790091,9
test,984,0,0.47534567,0.02361837,-0.02361837,99
test,985,0,0.4733945,0.024905443,-0.024905443,15
test,986,0,0.4682648,0.02177614,-0.02177614,51
test,987,0,0.4679699,0.016292036,-0.016292036,9
test,988,0,0.465671,0.015040696,-0.015040696,195
test,989,0,0.4628647,0.013833702,-0.013833702,9
test,990,0,0.46430784,0.0121765435,-0.0121765435,9
test,991,0,0.46378627,0.011969596,-0.011969596,9
test,992,0,0.46424374,0.013391346,-0.013391346,195
test,993,0,0.4608083,0.015020311,-0.015020311,9
test,994,0,0.4645165,0.018677205,-0.018677205,9
test,995,0,0.46394035,0.018376261,-0.018376261,387
test,996,0,0.46391842,0.018348306,-0.018348306,9
test,997,0,0.46441358,0.017994642,-0.017994642,15
test,998,0,0.46515825,0.015377194,-0.015377194,9
test,999,0,0.4630377,0.014496058,-0.014496058,771
train,0,0,,,,
train,1,0,,,,
train,2,0,,,,
train,3,0,,,,
train,4,0,,,,
train,5,0,,,,
train,6,0,,,,
train,7,0,,,,
train,8,0,,,,
train,9,0,,,,
train,10,0,,,,
train,11,0,,,,
train,12,0,,,,
train,13,0,,,,
train,14,0,,,,
train,15,0,,,,
train,16,0,,,,
train,17,0,,,,
train,18,0,,,,
train,19,0,,,,
train,20,0,,,,
train,21,0,,,,
train,22,0,,,,
train,23,0,,,,
train,24,0,,,,
train,25,0,,,,
train,26,0,,,,
train,27,0,,,,
train,28,0,,,,
train,29,0,,,,
train,30,0,,,,
train,31,0,,,,
train,32,0,,,,
train,33,0,,,,
train,34,0,,,,
train,35,0,,,,
train,36,0,,,,
train,37,0,,,,
train,38,0,,,,
train,39,0,,,,
train,40,0,,,,
train,41,0,,,,
train,42,0,,,,
train,43,0,,,,
train,44,0,,,,
train,45,0,,,,
train,46,0,,,,
train,47,0,,,,
train,48,0,,,,
train,49,0,,,,
train,50,0,,,,
train,51,0,,,,
train,52,0,,,,
train,53,0,,,,
train,54,0,,,,
train,55,0,,,,
train,56,0,,,,
train,57,0,,,,
train,58,0,,,,
train,59,0,,,,
train,60,0,,,,
train,61,0,,,,
train,62,0,,,,
train,63,0,,,,
train,64,0,,,,
train,65,0,,,,
train,66,0,,,,
train,67,0,,,,
train,68,0,,,,
train,69,0,,,,
train,70,0,,,,
train,71,0,,,,
train,72,0,,,,
train,73,0,,,,
train,74,0,,,,
train,75,0,,,,
train,76,0,,,,
train,77,0,,,,
train,78,0,,,,
train,79,0,,,,
train,80,0,,,,
train,81,0,,,,
train,82,0,,,,
train,83,0,,,,
train,84,0,,,,
train,85,0,,,,
train,86,0,,,,
train,87,0,,,,
train,88,0,,,,
train,89,0,,,,
train,90,0,,,,
train,91,0,,,,
train,92,0,,,,
train,93,0,,,,
train,94,0,,,,
train,95,0,,,,
train,96,0,,,,
train,97,0,,,,
train,98,0,,,,
train,99,0,,,,
train,100,0,,,,
train,101,0,,,,
train,102,0,,,,
train,103,0,,,,
train,104,0,,,,
train,105,0,,,,
train,106,0,,,,
train,107,0,,,,
train,108,0,,,,
train,109,0,,,,
train,110,0,,,,
train,111,0,,,,
train,112,0,,,,
train,113,0,,,,
train,114,0,,,,
train,115,0,,,,
train,116,0,,,,
train,117,0,,,,
train,118,0,,,,
train,119,0,,,,
train,120,0,,,,
train,121,0,,,,
train,122,0,,,,
train,123,0,,,,
train,124,0,,,,
train,125,0,,,,
train,126,0,,,,
train,127,0,,,,
train,128,0,,,,
train,129,0,,,,
train,130,0,,,,
train,131,0,,,,
train,132,0,,,,
train,133,0,,,,
train,134,0,,,,
train,135,0,,,,
train,136,0,,,,
train,137,0,,,,
train,138,0,,,,
train,139,0,,,,
train,140,0,,,,
train,141,0,,,,
train,142,0,,,,
train,143,0,,,,
train,144,0,,,,
train,145,0,,,,
train,146,0,,,,
train,147,0,,,,
train,148,0,,,,
train,149,0,,,,
train,150,0,,,,
train,151,0,,,,
train,152,0,,,,
train,153,0,,,,
train,154,0,,,,
train,155,0,,,,
train,156,0,,,,
train,157,0,,,,
train,158,0,,,,
train,159,0,,,,
train,160,0,,,,
train,161,0,,,,
train,162,0,,,,
train,163,0,,,,
train,164,0,,,,
train,165,0,,,,
train,166,0,,,,
train,167,0,,,,
train,168,0,,,,
train,169,0,,,,
train,170,0,,,,
train,171,0,,,,
train,172,0,,,,
train,173,0,,,,
train,174,0,,,,
train,175,0,,,,
train,176,0,,,,
train,177,0,,,,
train,178,0,,,,
train,179,0,,,,
train,180,0,,,,
train,181,0,,,,
train,182,0,,,,
train,183,0,,,,
train,184,0,,,,
train,185,0,,,,
train,186,0,,,,
train,187,0,,,,
train,188,0,,,,
train,189,0,,,,
train,190,0,,,,
train,191,0,,,,
train,192,0,,,,
train,193,0,,,,
train,194,0,,,,
train,195,0,,,,
train,196,0,,,,
train,197,0,,,,
train,198,0,,,,
train,199,0,,,,
train,200,0,,,,
train,201,0,,,,
train,202,0,,,,
train,203,0,,,,
train,204,0,,,,
train,205,0,,,,
train,206,0,,,,
train,207,0,,,,
train,208,0,,,,
train,209,0,,,,
train,210,0,,,,
train,211,0,,,,
train,212,0,,,,
train,213,0,,,,
train,214,0,,,,
train,215,0,,,,
train,216,0,,,,
train,217,0,,,,
train,218,0,,,,
train,219,0,,,,
train,220,0,,,,
train,221,0,,,,
train,222,0,,,,
train,223,0,,,,
train,224,0,,,,
train,225,0,,,,
train,226,0,,,,
train,227,0,,,,
train,228,0,,,,
train,229,0,,,,
train,230,0,,,,
train,231,0,,,,
train,232,0,,,,
train,233,0,,,,
train,234,0,,,,
train,235,0,,,,
train,236,0,,,,
train,237,0,,,,
train,238,0,,,,
train,239,0,,,,
train,240,0,,,,
train,241,0,,,,
train,242,0,,,,
train,243,0,,,,
train,244,0,,,,
train,245,0,,,,
train,246,0,,,,
train,247,0,,,,
train,248,0,,,,
train,249,0,,,,
train,250,0,,,,
train,251,0,,,,
train,252,0,,,,
train,253,0,,,,
train,254,0,,,,
train,255,0,,,,
train,256,0,,,,
train,257,0,,,,
train,258,0,,,,
train,259,0,,,,
train,260,0,,,,
train,261,0,,,,
train,262,0,,,,
train,263,0,,,,
train,264,0,,,,
train,265,0,,,,
train,266,0,,,,
train,267,0,,,,
train,268,0,,,,
train,269,0,,,,
train,270,0,,,,
train,271,0,,,,
train,272,0,,,,
train,273,0,,,,
train,274,0,,,,
train,275,0,,,,
train,276,0,,,,
train,277,0,,,,
train,278,0,,,,
train,279,0,,,,
train,280,0,,,,
train,281,0,,,,
train,282,0,,,,
train,283,0,,,,
train,284,0,,,,
train,285,0,,,,
train,286,0,,,,
train,287,0,,,,
train,288,0,,,,
train,289,0,,,,
train,290,0,,,,
train,291,0,,,,
train,292,0,,,,
train,293,0,,,,
train,294,0,,,,
train,295,0,,,,
train,296,0,,,,
train,297,0,,,,
train,298,0,,,,
train,299,0,,,,
train,300,0,,,,
train,301,0,,,,
train,302,0,,,,
train,303,0,,,,
train,304,0,,,,
train,305,0,,,,
train,306,0,,,,
train,307,0,,,,
train,308,0,,,,
train,309,0,,,,
train,310,0,,,,
train,311,0,,,,
train,312,0,,,,
train,313,0,,,,
train,314,0,,,,
train,315,0,,,,
train,316,0,,,,
train,317,0,,,,
train,318,0,,,,
train,319,0,,,,
train,320,0,,,,
train,321,0,,,,
train,322,0,,,,
train,323,0,,,,
train,324,0,,,,
train,325,0,,,,
train,326,0,,,,
train,327,0,,,,
train,328,0,,,,
train,329,0,,,,
train,330,0,,,,
train,331,0,,,,
train,332,0,,,,
train,333,0,,,,
train,334,0,,,,
train,335,0,,,,
train,336,0,,,,
train,337,0,,,,
train,338,0,,,,
train,339,0,,,,
train,340,0,,,,
train,341,0,,,,
train,342,0,,,,
train,343,0,,,,
train,344,0,,,,
train,345,0,,,,
train,346,0,,,,
train,347,0,,,,
train,348,0,,,,
train,349,0,,,,
train,350,0,,,,
train,351,0,,,,
train,352,0,,,,
train,353,0,,,,
train,354,0,,,,
train,355,0,,,,
train,356,0,,,,
train,357,0,,,,
train,358,0,,,,
train,359,0,,,,
train,360,0,,,,
train,361,0,,,,
train,362,0,,,,
train,363,0,,,,
train,364,0,,,,
train,365,0,,,,
train,366,0,,,,
train,367,0,,,,
train,368,0,,,,
train,369,0,,,,
train,370,0,,,,
train,371,0,,,,
train,372,0,,,,
train,373,0,,,,
train,374,0,,,,
train,375,0,,,,
train,376,0,,,,
train,377,0,,,,
train,378,0,,,,
train,379,0,,,,
train,380,0,,,,
train,381,0,,,,
train,382,0,,,,
train,383,0,,,,
train,384,0,,,,
train,385,0,,,,
train,386,0,,,,
train,387,0,,,,
train,388,0,,,,
train,389,0,,,,
train,390,0,,,,
train,391,0,,,,
train,392,0,,,,
train,393,0,,,,
train,394,0,,,,
train,395,0,,,,
train,396,0,,,,
train,397,0,,,,
train,398,0,,,,
train,399,0,,,,
train,400,0,,,,
train,401,0,,,,
train,402,0,,,,
train,403,0,,,,
train,404,0,,,,
train,405,0,,,,
train,406,0,,,,
train,407,0,,,,
train,408,0,,,,
train,409,0,,,,
train,410,0,,,,
train,411,0,,,,
train,412,0,,,,
train,413,0,,,,
train,414,0,,,,
train,415,0,,,,
train,416,0,,,,
train,417,0,,,,
train,418,0,,,,
train,419,0,,,,
train,420,0,,,,
train,421,0,,,,
train,422,0,,,,
train,423,0,,,,
train,424,0,,,,
train,425,0,,,,
train,426,0,,,,
train,427,0,,,,
train,428,0,,,,
train,429,0,,,,
train,430,0,,,,
train,431,0,,,,
train,432,0,,,,
train,433,0,,,,
train,434,0,,,,
train,435,0,,,,
train,436,0,,,,
train,437,0,,,,
train,438,0,,,,
train,439,0,,,,
train,440,0,,,,
train,441,0,,,,
train,442,0,,,,
train,443,0,,,,
train,444,0,,,,
train,445,0,,,,
train,446,0,,,,
train,447,0,,,,
train,448,0,,,,
train,449,0,,,,
train,450,0,,,,
train,451,0,,,,
train,452,0,,,,
train,453,0,,,,
train,454,0,,,,
train,455,0,,,,
train,456,0,,,,
train,457,0,,,,
train,458,0,,,,
train,459,0,,,,
train,460,0,,,,
train,461,0,,,,
train,462,0,,,,
train,463,0,,,,
train,464,0,,,,
train,465,0,,,,
train,466,0,,,,
train,467,0,,,,
train,468,0,,,,
train,469,0,,,,
train,470,0,,,,
train,471,0,,,,
train,472,0,,,,
train,473,0,,,,
train,474,0,,,,
train,475,0,,,,
train,476,0,,,,
train,477,0,,,,
train,478,0,,,,
train,479,0,,,,
train,480,0,,,,
train,481,0,,,,
train,482,0,,,,
train,483,0,,,,
train,484,0,,,,
train,485,0,,,,
train,486,0,,,,
train,487,0,,,,
train,488,0,,,,
train,489,0,,,,
train,490,0,,,,
train,491,0,,,,
train,492,0,,,,
train,493,0,,,,
train,494,0,,,,
train,495,0,,,,
train,496,0,,,,
train,497,0,,,,
train,498,0,,,,
train,499,0,,,,
train,500,0,,,,
train,501,0,,,,
train,502,0,,,,
train,503,0,,,,
train,504,0,,,,
train,505,0,,,,
train,506,0,,,,
train,507,0,,,,
train,508,0,,,,
train,509,0,,,,
train,510,0,,,,
train,511,0,,,,
train,512,0,,,,
train,513,0,,,,
train,514,0,,,,
train,515,0,,,,
train,516,0,,,,
train,517,0,,,,
train,518,0,,,,
train,519,0,,,,
train,520,0,,,,
train,521,0,,,,
train,522,0,,,,
train,523,0,,,,
train,524,0,,,,
train,525,0,,,,
train,526,0,,,,
train,527,0,,,,
train,528,0,,,,
train,529,0,,,,
train,530,0,,,,
train,531,0,,,,
train,532,0,,,,
train,533,0,,,,
train,534,0,,,,
train,535,0,,,,
train,536,0,,,,
train,537,0,,,,
train,538,0,,,,
train,539,0,,,,
train,540,0,,,,
train,541,0,,,,
train,542,0,,,,
train,543,0,,,,
train,544,0,,,,
train,545,0,,,,
train,546,0,,,,
train,547,0,,,,
train,548,0,,,,
train,549,0,,,,
train,550,0,,,,
train,551,0,,,,
train,552,0,,,,
train,553,0,,,,
train,554,0,,,,
train,555,0,,,,
train,556,0,,,,
train,557,0,,,,
train,558,0,,,,
train,559,0,,,,
train,560,0,,,,
train,561,0,,,,
train,562,0,,,,
train,563,0,,,,
train,564,0,,,,
train,565,0,,,,
train,566,0,,,,
train,567,0,,,,
train,568,0,,,,
train,569,0,,,,
train,570,0,,,,
train,571,0,,,,
train,572,0,,,,
train,573,0,,,,
train,574,0,,,,
train,575,0,,,,
train,576,0,,,,
train,577,0,,,,
train,578,0,,,,
train,579,0,,,,
train,580,0,,,,
train,581,0,,,,
train,582,0,,,,
train,583,0,,,,
train,584,0,,,,
train,585,0,,,,
train,586,0,,,,
train,587,0,,,,
train,588,0,,,,
train,589,0,,,,
train,590,0,,,,
train,591,0,,,,
train,592,0,,,,
train,593,0,,,,
train,594,0,,,,
train,595,0,,,,
train,596,0,,,,
train,597,0,,,,
train,598,0,,,,
train,599,0,,,,
train,600,0,,,,
train,601,0,,,,
train,602,0,,,,
train,603,0,,,,
train,604,0,,,,
train,605,0,,,,
train,606,0,,,,
train,607,0,,,,
train,608,0,,,,
train,609,0,,,,
train,610,0,,,,
train,611,0,,,,
train,612,0,,,,
train,613,0,,,,
train,614,0,,,,
train,615,0,,,,
train,616,0,,,,
train,617,0,,,,
train,618,0,,,,
train,619,0,,,,
train,620,0,,,,
train,621,0,,,,
train,622,0,,,,
train,623,0,,,,
train,624,0,,,,
train,625,0,,,,
train,626,0,,,,
train,627,0,,,,
train,628,0,,,,
train,629,0,,,,
train,630,0,,,,
train,631,0,,,,
train,632,0,,,,
train,633,0,,,,
train,634,0,,,,
train,635,0,,,,
train,636,0,,,,
train,637,0,,,,
train,638,0,,,,
train,639,0,,,,
train,640,0,,,,
train,641,0,,,,
train,642,0,,,,
train,643,0,,,,
train,644,0,,,,
train,645,0,,,,
train,646,0,,,,
train,647,0,,,,
train,648,0,,,,
train,649,0,,,,
train,650,0,,,,
train,651,0,,,,
train,652,0,,,,
train,653,0,,,,
train,654,0,,,,
train,655,0,,,,
train,656,0,,,,
train,657,0,,,,
train,658,0,,,,
train,659,0,,,,
train,660,0,,,,
train,661,0,,,,
train,662,0,,,,
train,663,0,,,,
train,664,0,,,,
train,665,0,,,,
train,666,0,,,,
train,667,0,,,,
train,668,0,,,,
train,669,0,,,,
train,670,0,,,,
train,671,0,,,,
train,672,0,,,,
train,673,0,,,,
train,674,0,,,,
train,675,0,,,,
train,676,0,,,,
train,677,0,,,,
train,678,0,,,,
train,679,0,,,,
train,680,0,,,,
train,681,0,,,,
train,682,0,,,,
train,683,0,,,,
train,684,0,,,,
train,685,0,,,,
train,686,0,,,,
train,687,0,,,,
train,688,0,,,,
train,689,0,,,,
train,690,0,,,,
train,691,0,,,,
train,692,0,,,,
train,693,0,,,,
train,694,0,,,,
train,695,0,,,,
train,696,0,,,,
train,697,0,,,,
train,698,0,,,,
train,699,0,,,,
train,700,0,,,,
train,701,0,,,,
train,702,0,,,,
train,703,0,,,,
train,704,0,,,,
train,705,0,,,,
train,706,0,,,,
train,707,0,,,,
train,708,0,,,,
train,709,0,,,,
train,710,0,,,,
train,711,0,,,,
train,712,0,,,,
train,713,0,,,,
train,714,0,,,,
train,715,0,,,,
train,716,0,,,,
train,717,0,,,,
train,718,0,,,,
train,719,0,,,,
train,720,0,,,,
train,721,0,,,,
train,722,0,,,,
train,723,0,,,,
train,724,0,,,,
train,725,0,,,,
train,726,0,,,,
train,727,0,,,,
train,728,0,,,,
train,729,0,,,,
train,730,0,,,,
train,731,0,,,,
train,732,0,,,,
train,733,0,,,,
train,734,0,,,,
train,735,0,,,,
train,736,0,,,,
train,737,0,,,,
train,738,0,,,,
train,739,0,,,,
train,740,0,,,,
train,741,0,,,,
train,742,0,,,,
train,743,0,,,,
train,744,0,,,,
train,745,0,,,,
train,746,0,,,,
train,747,0,,,,
train,748,0,,,,
train,749,0,,,,
train,750,0,,,,
train,751,0,,,,
train,752,0,,,,
train,753,0,,,,
train,754,0,,,,
train,755,0,,,,
train,756,0,,,,
train,757,0,,,,
train,758,0,,,,
train,759,0,,,,
train,760,0,,,,
train,761,0,,,,
train,762,0,,,,
train,763,0,,,,
train,764,0,,,,
train,765,0,,,,
train,766,0,,,,
train,767,0,,,,
train,768,0,,,,
train,769,0,,,,
train,770,0,,,,
train,771,0,,,,
train,772,0,,,,
train,773,0,,,,
train,774,0,,,,
train,775,0,,,,
train,776,0,,,,
train,777,0,,,,
train,778,0,,,,
train,779,0,,,,
train,780,0,,,,
train,781,0,,,,
train,782,0,,,,
train,783,0,,,,
train,784,0,,,,
train,785,0,,,,
train,786,0,,,,
train,787,0,,,,
train,788,0,,,,
train,789,0,,,,
train,790,0,,,,
train,791,0,,,,
train,792,0,,,,
train,793,0,,,,
train,794,0,,,,
train,795,0,,,,
train,796,0,,,,
train,797,0,,,,
train,798,0,,,,
train,799,0,,,,
train,800,0,,,,
train,801,0,,,,
train,802,0,,,,
train,803,0,,,,
train,804,0,,,,
train,805,0,,,,
train,806,0,,,,
train,807,0,,,,
train,808,0,,,,
train,809,0,,,,
train,810,0,,,,
train,811,0,,,,
train,812,0,,,,
train,813,0,,,,
train,814,0,,,,
train,815,0,,,,
train,816,0,,,,
train,817,0,,,,
train,818,0,,,,
train,819,0,,,,
train,820,0,,,,
train,821,0,,,,
train,822,0,,,,
train,823,0,,,,
train,824,0,,,,
train,825,0,,,,
train,826,0,,,,
train,827,0,,,,
train,828,0,,,,
train,829,0,,,,
train,830,0,,,,
train,831,0,,,,
train,832,0,,,,
train,833,0,,,,
train,834,0,,,,
train,835,0,,,,
train,836,0,,,,
train,837,0,,,,
train,838,0,,,,
train,839,0,,,,
train,840,0,,,,
train,841,0,,,,
train,842,0,,,,
train,843,0,,,,
train,844,0,,,,
train,845,0,,,,
train,846,0,,,,
train,847,0,,,,
train,848,0,,,,
train,849,0,,,,
train,850,0,,,,
train,851,0,,,,
train,852,0,,,,
train,853,0,,,,
train,854,0,,,,
train,855,0,,,,
train,856,0,,,,
train,857,0,,,,
train,858,0,,,,
train,859,0,,,,
train,860,0,,,,
train,861,0,,,,
train,862,0,,,,
train,863,0,,,,
train,864,0,,,,
train,865,0,,,,
train,866,0,,,,
train,867,0,,,,
train,868,0,,,,
train,869,0,,,,
train,870,0,,,,
train,871,0,,,,
train,872,0,,,,
train,873,0,,,,
train,874,0,,,,
train,875,0,,,,
train,876,0,,,,
train,877,0,,,,
train,878,0,,,,
train,879,0,,,,
train,880,0,,,,
train,881,0,,,,
train,882,0,,,,
train,883,0,,,,
train,884,0,,,,
train,885,0,,,,
train,886,0,,,,
train,887,0,,,,
train,888,0,,,,
train,889,0,,,,
train,890,0,,,,
train,891,0,,,,
train,892,0,,,,
train,893,0,,,,
train,894,0,,,,
train,895,0,,,,
train,896,0,,,,
train,897,0,,,,
train,898,0,,,,
train,899,0,,,,
train,900,0,,,,
train,901,0,,,,
train,902,0,,,,
train,903,0,,,,
train,904,0,,,,
train,905,0,,,,
train,906,0,,,,
train,907,0,,,,
train,908,0,,,,
train,909,0,,,,
train,910,0,,,,
train,911,0,,,,
train,912,0,,,,
train,913,0,,,,
train,914,0,,,,
train,915,0,,,,
train,916,0,,,,
train,917,0,,,,
train,918,0,,,,
train,919,0,,,,
train,920,0,,,,
train,921,0,,,,
train,922,0,,,,
train,923,0,,,,
train,924,0,,,,
train,925,0,,,,
train,926,0,,,,
train,927,0,,,,
train,928,0,,,,
train,929,0,,,,
train,930,0,,,,
train,931,0,,,,
train,932,0,,,,
train,933,0,,,,
train,934,0,,,,
train,935,0,,,,
train,936,0,,,,
train,937,0,,,,
train,938,0,,,,
train,939,0,,,,
train,940,0,,,,
train,941,0,,,,
train,942,0,,,,
train,943,0,,,,
train,944,0,,,,
train,945,0,,,,
train,946,0,,,,
train,947,0,,,,
train,948,0,,,,
train,949,0,,,,
train,950,0,,,,
train,951,0,,,,
train,952,0,,,,
train,953,0,,,,
train,954,0,,,,
train,955,0,,,,
train,956,0,,,,
train,957,0,,,,
train,958,0,,,,
train,959,0,,,,
train,960,0,,,,
train,961,0,,,,
train,962,0,,,,
train,963,0,,,,
train,964,0,,,,
train,965,0,,,,
train,966,0,,,,
train,967,0,,,,
train,968,0,,,,
train,969,0,,,,
train,970,0,,,,
train,971,0,,,,
train,972,0,,,,
train,973,0,,,,
train,974,0,,,,
train,975,0,,,,
train,976,0,,,,
train,977,0,,,,
train,978,0,,,,
train,979,0,,,,
train,980,0,,,,
train,981,0,,,,
train,982,0,,,,
train,983,0,,,,
train,984,0,,,,
train,985,0,,,,
train,986,0,,,,
train,987,0,,,,
train,988,0,,,,
train,989,0,,,,
train,990,0,,,,
train,991,0,,,,
train,992,0,,,,
train,993,0,,,,
train,994,0,,,,
train,995,0,,,,
train,996,0,,,,
train,997,0,,,,
train,998,0,,,,
train,999,0,,,,
